file,transit_number
5NPD84LF4LH556613_140 ლარი.pdf,
2T2HGMDA1NC084461.pdf,7482NM
1VWBS7A36GC059063.pdf,0625NO
3FMTK1R42SMA38747.pdf,5253NM
1N4BZ1BV4NC562458.pdf,9888NN
KMUHB4SB6MU047810.pdf,0454NO
KNDCR3LE6R5188406.pdf,2432NN
KM8JECA1XNU059101.pdf,0731NN
58AD21B1XLU007417.pdf,0553NO
5YJ3E1EA3PF685595.pdf,0599NO
KM8K32AB4NU916333.pdf,0546NO
5UXKR0C54F0P04120_125_ლარი.pdf,
5UXKR0C52G0P20267.pdf,0611NO
4T1BF1FK5DU250642.pdf,0542NO
JTDEAMDE1NJ038922.pdf,0621NO
4T3E6RFV9NU079408.pdf,0551NO
KM8HE3A30TU366855.pdf,0629NO
KM8HB3AB1RU044296.pdf,0544NO
1C4HJXFG2PW658293.pdf,0626NO
WBA8E5G59GNU19591.pdf,0549NO
5YJYGDEE6LF020477.pdf,0556NO
5NPLN4AG4MH039040.pdf,0554NO
5YJ3E1EA6JF157430.pdf,0610NO
JF2SJAEC7HH470992.pdf,0612NO
5NPLS4AG6PH100076_105_ლარი.pdf,
3C4NJDCN5ST525580.pdf,8382NM
WBA8B9G32HNU54571.pdf,8200NM
1HGCV1F30LA096699.pdf,7480NM
KNDCB3LC0L5375148.pdf,9887NN
KNDEU2AA7N7314787_130_ლარი.pdf,
19XZE4F57KE010201.pdf,9897NN
1C4JJXR69MW758486.pdf,5256NM
4T1B11HK0KU855337.pdf,9695NN
5YJ3E1EA4PF498155.pdf,5250NM
KM8JBCA18NU040166.pdf,5245NM
WBA23AT0XPCM69975.pdf,5265NM
5TDYRKECXMS043139.pdf,5247NM
5YJYGDEE2MF087319.pdf,0620NO
4T1KZ1AK9NU063114.pdf,0541NO
4T4BF1FK1CR260136.pdf,0545NO
KM8K62AB0NU876839.pdf,0547NO
JN1BJ1CW1NW498776.pdf,0548NO
7SAYGDEEXPA073933.pdf,0552NO
1VWAT7A37GC040062_20_ლარი.pdf,
5YJ3E1EB4JF094854.pdf,9889NN
5NMJBCAE1NH024521.pdf,9685NN
JTDKAMFP2N3226872.pdf,8372NM
4JGDF6EE7HA916540.pdf,8199NM
WBA4A9C51FGL86774.pdf,8197NM
1VWMA7A32MC006559.pdf,7481NM
7SAYGDEF0PF659505.pdf,7483NM
5YJ3E1EA4PF626717_150_ლარი.pdf,
5YJ3E1EB3NF134864_150_ლარი.pdf,
KL4CJESB7MB310074.pdf,2684NM
4S4BTANC1N3196637.pdf,0685NN
4T1BF1FK1CU201372.pdf,5252NM
KM8S6DA26PU067540.pdf,5254NM
58AFZ1B13MU096933.pdf,5460NM
5TDDW5G16CS059602.pdf,5263NM
KM8K2CAA1LU590665.pdf,5261NM
5YJ3E1EA9NF357045.pdf,5255NM
KMHL34JJ0NA038313.pdf,5259NM
3KPF24AD1NE425335.pdf,5229NM
1HGCV3F26NA018045.pdf,0478NO
5YFB4MDE0RP202771.pdf,0462NO
KM8K12AA1MU662219.pdf,0582NO
5NMS5CAA7LH260208.pdf,0579NO
KMTGB4SDXPU185081.pdf,0453NO
3KPFT4DE2SE109696.pdf,0617NO
4T1BF1FK0EU433173.pdf,0618NO
5YJ3E1EB7KF384314.pdf,0602NO
KNDCC3LC3N5510428.pdf,0603NO
5YJSA1E21JF295229.pdf,0607NO
5TDKBRCH9RS625550.pdf,0619NO
5YJ3E1EB0JF114582.pdf,0622NO
7MUFBABG4RV041011.pdf,0624NO
2T2HKCEZXTC066406.pdf,0623NO
KNDEUCAAXR7595852.pdf,0627NO
7SAYGDEE5PF937547.pdf,0598NO
JTMRJREV8JD162854.pdf,0597NO
4T4BF3EK4BR137040.pdf,0596NO
4JGFB4KB5NA697754.pdf,0594NO
JN1BJ1BW3NW680304.pdf,0595NO
5TDFZRAH3NS090659.pdf,3110NM
WBA7E2C5XKB217627.pdf,2893NN
4S4BTANC1L3246661.pdf,0078NO
5UXCR6C04M9E19392.pdf,0543NO
WBY1Z4C51FV504012.pdf,7477NM
5UX53GP09S9040103.pdf,8380NM
JF2SJAWC7JH499137.pdf,9684NN
4T1S31AK3MU560093.pdf,5257NM
JF2GUADC2RH896668.pdf,7476NM
4T1J31AK1LU019053.pdf,7478NM
JF2SKAAC2LH536179.pdf,5226NM
1C4PJMMX3MD170930.pdf,2694NM
4S4BTANC7L3122362.pdf,9683NN
4S4BSAHC3H3426715.pdf,9693NN
3FA6P0MU5KR256176.pdf,9896NN
5YJ3E1EC8PF575451.pdf,9676NN
KMHC75LC7LU235550.pdf,9898NN
WBA63AV02NFM87557.pdf,3887NP
1V2VMPE82PC037950.pdf,4069NP
1FMSK7BH1MGB12250.pdf,4985NP
KM8J33AL8LU248673.pdf,4820NQ
WDDHF5KBXDA705214.pdf,3910NP
KM8JEDD17TU468459.pdf,3896NP
KL79MUSL8NB043679.pdf,4829NQ
5XXG34J28PG203269.pdf,4053NP
7MUBAABG5PV049956.pdf,4062NP
5TDGZRBH1MS535840.pdf,3890NP
4T1BF3EK1BU644715.pdf,3872NP
2T2ZFMCA4GC001598.pdf,3874NP
1C4NJRFB5ED506908.pdf,6081NN
KL79MTSL6MB041177.pdf,0062NR
4S4BTAFC0N3179486.pdf,4055NP
4T3B6RFV2NU084548.pdf,4071NP
JTEAAAAH1MJ050798.pdf,3909NP
4T1KZ1AK3PU076721.pdf,4067NP
4JGFB4KB8MA515740.pdf,3879NP
5YFB4MDE2PP043877.pdf,3888NP
4S4BTALC0L3176329.pdf,3882NP
JTDACAAJ3S3004943.pdf,4068NP
5YJ3E1EA5LF504152.pdf,4070NP
3KPFW4DE9SE102803_130_ლარი.pdf,
4T1DAACK6TU689102.pdf,3875NP
WAUD3AF20MN046697.pdf,3905NP
7SAYGDEE9NA006303.pdf,4064NP
1N4AZ1CPXKC306803.pdf,3883NP
JF2SJAHC7GH462210.pdf,5477NQ
JF2SKASC3LH508261.pdf,3886NP
KM8J3CAL6LU257887_75_ლარი.pdf,
KM8JCDD18SU330627.pdf,6079NN
ZACPDFCW9R3A31171.pdf,3881NP
4S4BTANC2N3277940.pdf,0010NR
JM1DKFB76M1509289.pdf,4818NQ
KMHL34JJ0NA038313_30_ლარი.pdf,
1HGCY2F57RA043666.pdf,4073NP
